[{"created_at":"Wed Apr 03 12:20:43 +0000 2013","id":319424220041986049,"id_str":"319424220041986049","text":"Inovado is Top 3 of the most sold WordPress Themes in 2013 http:\/\/t.co\/ga3JHQV79r","source":"\u003ca href=\"http:\/\/twitter.com\/tweetbutton\" rel=\"nofollow\"\u003eTweet Button\u003c\/a\u003e","truncated":false,"in_reply_to_status_id":null,"in_reply_to_status_id_str":null,"in_reply_to_user_id":null,"in_reply_to_user_id_str":null,"in_reply_to_screen_name":null,"user":{"id":432366153,"id_str":"432366153","name":"minti","screen_name":"hellominti","location":"Germany","description":"I'm an incredibly talented nerd that builds some truly outstanding WordPress Themes.","url":"http:\/\/t.co\/Or1Vs7gl","entities":{"url":{"urls":[{"url":"http:\/\/t.co\/Or1Vs7gl","expanded_url":"http:\/\/mintithemes.com","display_url":"mintithemes.com","indices":[0,20]}]},"description":{"urls":[]}},"protected":false,"followers_count":260,"friends_count":44,"listed_count":7,"created_at":"Fri Dec 09 09:49:31 +0000 2011","favourites_count":9,"utc_offset":null,"time_zone":null,"geo_enabled":false,"verified":false,"statuses_count":201,"lang":"de","contributors_enabled":false,"is_translator":false,"profile_background_color":"F6F7F9","profile_background_image_url":"http:\/\/a0.twimg.com\/profile_background_images\/539817113\/white.png","profile_background_image_url_https":"https:\/\/si0.twimg.com\/profile_background_images\/539817113\/white.png","profile_background_tile":true,"profile_image_url":"http:\/\/a0.twimg.com\/profile_images\/3118295427\/fa82a0be11c974861f2e0ecf098a2e13_normal.png","profile_image_url_https":"https:\/\/si0.twimg.com\/profile_images\/3118295427\/fa82a0be11c974861f2e0ecf098a2e13_normal.png","profile_banner_url":"https:\/\/pbs.twimg.com\/profile_banners\/432366153\/1358376848","profile_link_color":"108FB1","profile_sidebar_border_color":"FFFFFF","profile_sidebar_fill_color":"FFFFFF","profile_text_color":"333333","profile_use_background_image":true,"default_profile":false,"default_profile_image":false,"following":false,"follow_request_sent":false,"notifications":false},"geo":null,"coordinates":null,"place":null,"contributors":null,"retweet_count":1,"favorite_count":0,"entities":{"hashtags":[],"symbols":[],"urls":[{"url":"http:\/\/t.co\/ga3JHQV79r","expanded_url":"http:\/\/themeforest.net\/item\/inovado-retina-responsive-multipurpose-theme\/3810895?ref=minti","display_url":"themeforest.net\/item\/inovado-r\u2026","indices":[59,81]}],"user_mentions":[]},"favorited":false,"retweeted":false,"possibly_sensitive":false,"lang":"en"}]